cluster,size,mean,median,min,max,std
0,181,1236.8066298342542,1229.0,285,2411,571.0716934561826
1,67,3647.0298507462685,3499.0,2470,6371,1023.8306851343656
